<?xml version="1.0" encoding="utf-8"?>
<Skins>
  <Model name="Mobile" type="MobilePhone">
  <Skin name="Mobile" R="255" G="255" B="255">
    <Image>skin_default_phone.png</Image>
    <LCD left="40" top="124" right="688" bottom="1275"/>
    <SideMenu x="735" y="185"/>
    <Buttons>
      <Button name="Menu" x="148" y="1325" width="140" height="80"/>
      <Button name="Home" x="364" y="1325" width="200" height="80"/>
      <Button name="Back" x="578" y="1325" width="140" height="80"/>
    </Buttons>
  </Skin>
  </Model>
 
  <Model name="Mobile" type="MobilePhone">
  <Skin name="Mobile(TB)" R="255" G="255" B="255">
    <Image>skin_default_phone_edge.png</Image>
    <LCD left="7" top="32" right="413" bottom="680"/>
    <SideMenu x="700" y="170"/>
    <Buttons>
      <Button name="Menu" x="109" y="693" width="28" height="28"/>
      <Button name="Home" x="209" y="693" width="28" height="28"/>
      <Button name="Back" x="310" y="693" width="28" height="28"/>
    </Buttons>
  </Skin>
  </Model>
  
    <Model name="Mobile" type="MobilePhone">
  <Skin name="Mobile(TB)_Land" R="255" G="255" B="255">
    <Image>  skin_default_phone_edge_land.png</Image>
    <LCD left="7" top="32" right="653" bottom="440"/>
    <SideMenu x="700" y="170"/>
    <Buttons>
      <Button name="Menu" x="216" y="454" width="28" height="28"/>
      <Button name="Home" x="330" y="454" width="28" height="28"/>
      <Button name="Back" x="444" y="454" width="28" height="28"/>
    </Buttons>
  </Skin>
  </Model>

  
  <Model name="Mobile" type="MobilePhone">
  <Skin name="Mobile(New)" R="255" G="255" B="255">
    <Image>skin_default_phone_new.png</Image>
    <LCD left="7" top="32" right="373" bottom="680"/>
    <SideMenu x="250" y="450"/>
    <Buttons>
      <Button name="Menu" x="101" y="693" width="28" height="28"/>
      <Button name="Home" x="189" y="693" width="28" height="28"/>
      <Button name="Back" x="278" y="693" width="28" height="28"/>
    </Buttons>
  </Skin>
  </Model>
  
  <Model name="Mobile" type="MobilePhone">
  <Skin name="Mobile Land(New)" R="255" G="255" B="255">
    <Image>skin_default_phone_land.png</Image>
	<LCD left="7" top="32" right="653" bottom="400"/>
    <SideMenu x="250" y="450"/>
    <Buttons>
      <Button name="Menu" x="216" y="414" width="28" height="28"/>
      <Button name="Home" x="330" y="414" width="28" height="28"/>
      <Button name="Back" x="444" y="414" width="28" height="28"/>
    </Buttons>
  </Skin>
  </Model>
  
  <Model name="Tab" type="TabletPhone">
    <Skin name="Tab (No Button)" R="255" G="255" B="255">
       <Image>skin_default_tablet.png</Image>
      <LCD left="8" top="34" right="367" bottom="512"/>
      <SideMenu x="2025" y="154"/>
	  <Buttons>
		<Button name="Menu" x="107" y="528" width="28" height="28"/>
		<Button name="Home" x="187" y="528" width="28" height="28"/>
		<Button name="Back" x="267" y="528" width="28" height="28"/>
    </Buttons>
    </Skin>
  </Model>
  
  <Model name="Tab" type="TabletPhone">
    <Skin name="Tab" R="255" G="255" B="255">
      <Image>skin_tab3_10_w.png</Image>
      <LCD left="136" top="178" right="1784" bottom="1216"/>
      <SideMenu x="2025" y="154"/>
      <Buttons>
        <Button name="Menu" x="725" y="1322" width="90" height="90"/>
        <Button name="Home" x="952" y="1322" width="175" height="90"/>
        <Button name="Back" x="1178" y="1322" width="90" height="90"/>
      </Buttons>
    </Skin>
  </Model>
  
    <Model name="Tab" type="TabletPhone">
    <Skin name="Tab(Landscape)" R="255" G="255" B="255">
      <Image>skin_default_tablet_Landscape.png</Image>
      <LCD left="7" top="32" right="582" bottom="394"/>
      <SideMenu x="2025" y="154"/>
      <Buttons>
		  <Button name="Menu" x="181" y="409" width="28" height="28"/>
		  <Button name="Home" x="287" y="409" width="28" height="28"/>
		  <Button name="Back" x="393" y="409" width="28" height="28"/>
      </Buttons>
    </Skin>
  </Model>
  
	<Model name="Tab" type="TabletPhone">
    <Skin name="Tab(Landscape)_Land" R="255" G="255" B="255">
      <Image>skin_default_tablet_Landscape_Land.png</Image>
      <LCD left="7" top="32" right="367" bottom="609"/>
      <SideMenu x="2025" y="154"/>
      <Buttons>
		  <Button name="Menu" x="99"  y="623" width="28" height="28"/>
		  <Button name="Home" x="187" y="623" width="28" height="28"/>
		  <Button name="Back" x="283" y="623" width="28" height="28"/>
      </Buttons>
    </Skin>
  </Model>
  
   <Model name="Tab" type="TabletPhone">
  <Skin name="Tab(Portrait)" R="255" G="255" B="255">
    <Image>skin_default_tablet_port.png</Image>
    <LCD left="7" top="32" right="367" bottom="609"/>
    <SideMenu x="795" y="185"/>
    <Buttons>
      <Button name="Menu" x="99"  y="623" width="28" height="28"/>
      <Button name="Home" x="187" y="623" width="28" height="28"/>
      <Button name="Back" x="283" y="623" width="28" height="28"/>
    </Buttons>
  </Skin>
  </Model>
  
     <Model name="Tab" type="TabletPhone">
  <Skin name="Tab(Portrait)_Land" R="255" G="255" B="255">
    <Image>skin_default_tablet_port_land.png</Image>
    <LCD left="7" top="32" right="582" bottom="394"/>
    <SideMenu x="795" y="185"/>
    <Buttons>
      <Button name="Menu" x="181" y="409" width="28" height="28"/>
      <Button name="Home" x="287" y="409" width="28" height="28"/>
      <Button name="Back" x="393" y="409" width="28" height="28"/>
    </Buttons>
  </Skin>
  </Model>

  
   <Model name="Tab" type="TabletPhone">
  <Skin name="Tab(NewModel)" R="255" G="255" B="255">
      <Image>skin_default_tablet.png</Image>
      <LCD left="7" top="32" right="367" bottom="514"/>
      <SideMenu x="2025" y="154"/>
	  <Buttons>
		<Button name="Menu" x="107" y="528" width="28" height="28"/>
		<Button name="Home" x="187" y="528" width="28" height="28"/>
		<Button name="Back" x="267" y="528" width="28" height="28"/>
    </Buttons>
  </Skin>
  </Model>
  
 <Model name="Tab" type="TabletPhone">
   <Skin name="Tab(NewModel)_Land" R="255" G="255" B="255">
      <Image>skin_default_tablet_land.png</Image>
      <LCD left="7" top="32" right="487" bottom="394"/>
      <SideMenu x="2025" y="154"/>
      <Buttons>
        <Button name="Menu" x="133" y="408" width="28" height="28"/>
        <Button name="Home" x="247" y="408" width="28" height="28"/>
        <Button name="Back" x="361" y="408" width="28" height="28"/>
      </Buttons>
    </Skin>
  </Model>
  
  
</Skins>
