<?xml version="1.0" encoding="utf-8"?>
<Skins>
  <Model name="Galaxy S2" type="MobilePhone">
  <!-- skin display name-->
  <Skin name="Galaxy S2 (Color White)" R="255" G="255" B="255">
    <!--skin image file name-->
    <Image>skin_i9100_w.png</Image>
    <!--LCD location & size-->
    <LCD left="65" top="185" right="705" bottom="1255"/>
	<!--Side Menu offset-->
    <SideMenu x="740" y="185"/>
    <Buttons>
      <!--Menu, home and back button location & size-->
      <Button name="Menu" x="170" y="1320" width="90" height="90"/>
      <Button name="Home" x="388" y="1320" width="130" height="90"/>
      <Button name="Back" x="605" y="1320" width="90" height="90"/>
    </Buttons>
  </Skin>
  
  <Skin name="Galaxy S2 (Color Black)" R="0" G="0" B="0">
    <Image>skin_i9100_b.png</Image>
    <LCD left="65" top="185" right="705" bottom="1255"/>
    <SideMenu x="740" y="185"/>
    <Buttons>
      <Button name="Menu" x="170" y="1320" width="90" height="90"/>
      <Button name="Home" x="388" y="1320" width="130" height="90"/>
      <Button name="Back" x="605" y="1320" width="90" height="90"/>
    </Buttons>
  </Skin>
  </Model>

  <Model name="Galaxy S3" type="MobilePhone">
  <Skin name="Galaxy S3 (Color White)" R="255" G="255" B="255">
    <Image>skin_i9300_w.png</Image>
    <LCD left="64" top="154" right="711" bottom="1305"/>
    <SideMenu x="746" y="185"/>
    <Buttons>
      <Button name="Menu" x="176" y="1360" width="90" height="90"/>
      <Button name="Home" x="388" y="1370" width="170" height="90"/>
      <Button name="Back" x="595" y="1360" width="90" height="90"/>
    </Buttons>
  </Skin>
  
  <Skin name="Galaxy S3 (Color Blue)" R="0" G="0" B="255">
    <Image>skin_i9300_b.png</Image>
    <LCD left="64" top="154" right="711" bottom="1305"/>
    <SideMenu x="746" y="185"/>
    <Buttons>
      <Button name="Menu" x="176" y="1360" width="90" height="90"/>
      <Button name="Home" x="388" y="1370" width="170" height="90"/>
      <Button name="Back" x="595" y="1360" width="90" height="90"/>
    </Buttons>
  </Skin>
  </Model>

  <Model name="Galaxy S4" type="MobilePhone">
  <Skin name="Galaxy S4 (Color White)" R="255" G="255" B="255">
    <Image>skin_i9500_w.png</Image>
    <LCD left="64" top="154" right="715" bottom="1310"/>
    <SideMenu x="735" y="185"/>
    <Buttons>
      <Button name="Menu" x="173" y="1355" width="90" height="90"/>
      <Button name="Home" x="390" y="1352" width="175" height="90"/>
      <Button name="Back" x="605" y="1355" width="90" height="90"/>
    </Buttons>
  </Skin>
  
  <Skin name="Galaxy S4 (Color Black)" R="0" G="0" B="0">
    <Image>skin_i9500_b.png</Image>
    <LCD left="64" top="154" right="715" bottom="1310"/>
    <SideMenu x="735" y="185"/>
    <Buttons>
      <Button name="Menu" x="173" y="1355" width="90" height="90"/>
      <Button name="Home" x="390" y="1352" width="175" height="90"/>
      <Button name="Back" x="605" y="1355" width="90" height="90"/>
    </Buttons>
  </Skin>
  </Model>

  <Model name="Galaxy Note" type="MobilePhone">
  <Skin name="Galaxy Note (Color White)" R="255" G="255" B="255">
    <Image>skin_n7000_w.png</Image>
    <LCD left="67" top="162" right="755" bottom="1260"/>
    <SideMenu x="790" y="185"/>
    <Buttons>
      <Button name="Menu" x="183" y="1318" width="90" height="90"/>
      <Button name="Home" x="408" y="1324" width="150" height="90"/>
      <Button name="Back" x="643" y="1318" width="90" height="90"/>
    </Buttons>
  </Skin>
  
  <Skin name="Galaxy Note (Color Black)" R="0" G="0" B="0">
    <Image>skin_n7000_b.png</Image>
    <LCD left="67" top="162" right="755" bottom="1260"/>
    <SideMenu x="790" y="185"/>
    <Buttons>
      <Button name="Menu" x="183" y="1318" width="90" height="90"/>
      <Button name="Home" x="408" y="1324" width="150" height="90"/>
      <Button name="Back" x="643" y="1318" width="90" height="90"/>
    </Buttons>
  </Skin>
  </Model>

  <Model name="Galaxy Note2" type="MobilePhone">
  <Skin name="Galaxy Note2 (Color White)" R="255" G="255" B="255">
    <Image>skin_n7100_w.png</Image>
    <LCD left="64" top="154" right="713" bottom="1307"/>
    <SideMenu x="747" y="185"/>
    <Buttons>
      <Button name="Menu" x="176" y="1355" width="90" height="90"/>
      <Button name="Home" x="386" y="1350" width="150" height="90"/>
      <Button name="Back" x="604" y="1355" width="90" height="90"/>
    </Buttons>
  </Skin>
  
  <Skin name="Galaxy Note2 (Color Blue)" R="0" G="0" B="255">
    <Image>skin_n7100_b.png</Image>
    <LCD left="64" top="154" right="713" bottom="1307"/>
    <SideMenu x="747" y="185"/>
    <Buttons>
      <Button name="Menu" x="176" y="1355" width="90" height="90"/>
      <Button name="Home" x="386" y="1350" width="150" height="90"/>
      <Button name="Back" x="604" y="1355" width="90" height="90"/>
    </Buttons>
  </Skin>
  </Model>

  <Model name="Galaxy Tab7" type="MobilePhone">
    <Skin name="Galaxy Tab7 (Color White)" R="255" G="255" B="255">
      <Image>skin_tab3_7_W.png</Image>
      <LCD left="115" top="185" right="1060" bottom="1780"/>
      <SideMenu x="1150" y="185"/>
      <Buttons>
        <Button name="Menu" x="330" y="1860" width="90" height="90"/>
        <Button name="Home" x="585" y="1860" width="170" height="90"/>
        <Button name="Back" x="840" y="1860" width="90" height="90"/>
      </Buttons>
    </Skin>

    <Skin name="Galaxy Tab7 (Color Black)" R="0" G="0" B="0">
      <Image>skin_tab3_7_b.png</Image>
      <LCD left="115" top="185" right="1060" bottom="1780"/>
      <SideMenu x="1150" y="185"/>
      <Buttons>
        <Button name="Menu" x="330" y="1860" width="90" height="90"/>
        <Button name="Home" x="585" y="1860" width="170" height="90"/>
        <Button name="Back" x="840" y="1860" width="90" height="90"/>
      </Buttons>
    </Skin>
  </Model>

  <Model name="Galaxy Tab8" type="MobilePhone">
    <Skin name="Galaxy Tab8 (Color White)" R="255" G="255" B="255">
      <Image>skin_tab3_8_w.png</Image>
      <LCD left="103" top="190" right="1090" bottom="1805"/>
      <SideMenu x="1165" y="185"/>
      <Buttons>
        <Button name="Menu" x="360" y="1885" width="90" height="90"/>
        <Button name="Home" x="600" y="1885" width="170" height="90"/>
        <Button name="Back" x="828" y="1885" width="90" height="90"/>
      </Buttons>
    </Skin>

    <Skin name="Galaxy Tab8 (Color Black)" R="0" G="0" B="0">
      <Image>skin_tab3_8_b.png</Image>
      <LCD left="105" top="190" right="1090" bottom="1785"/>
      <SideMenu x="1165" y="185"/>
      <Buttons>
        <Button name="Menu" x="360" y="1885" width="90" height="90"/>
        <Button name="Home" x="600" y="1885" width="170" height="90"/>
        <Button name="Back" x="828" y="1885" width="90" height="90"/>
      </Buttons>
    </Skin>
  </Model>

  <Model name="Galaxy Note10.1" type="TabletPhone">
    <Skin name="Galaxy Note10.1 (Color Black)" R="0" G="0" B="0">
      <Image>skin_n8000_b.png</Image>
      <LCD left="180" top="180" right="1870" bottom="1235"/>
      <SideMenu x="2025" y="154"/>
    </Skin>

    <Skin name="Galaxy Note10.1 (Color White)" R="255" G="255" B="255">
      <Image>skin_n8000_w.png</Image>
      <LCD left="180" top="180" right="1870" bottom="1235"/>
      <SideMenu x="2025" y="154"/>
    </Skin>
  </Model>
</Skins>
